"Guid","Name","SBQQ__MethodName__c","SBQQ__Version__c"
06f60383-0b62-403f-a22a-83a040b3da1d,a0S3t00000AnVm1,updateOIsWithAssetsContractsSubs,224.9
172b7687-7c76-4622-8b46-1a6b78cb5213,a0S3t00000AnVmk,SBQQ.RootIdSetterChildSubscriptions,224.9
1e33c2a8-8a64-4815-a7e4-b7f499ff4f66,a0S3t00000AnVmf,SBQQ.RootIdSetterParentAssets,224.9
22c81dd5-fead-4983-b331-eff92729a533,a0S3t00000AnVm6,SBQQ.ProductRuleRefFieldGenerator,224.9
2b2b5b0d-b91b-4d93-b2a4-abc6e3c443c6,a0S3t00000AnVlN,CalculatorReferencedFieldRemover,224.9
2eb40f3d-00b3-4d32-9fc5-3190f50b39d2,a0S3t00000AnVlr,SBQQ.InstallProcessorBatchRequiredByAsset,224.9
3f725db4-d52c-4499-8544-c3972fbe2432,a0S3t00000AnVmG,SBQQ.PriceRuleRefFieldGenerator,224.9
4298984e-b277-4775-ad86-35d02235b122,a0S3t00000AnVl0,createExternalConfiguratorCustomAction,224.9
45c336d8-3738-4188-94f6-fd49a5f0d6c3,a0S3t00000AnVlI,SBQQ.InstallProcessorBatchRegularPrice,224.9
54b86726-e898-4a98-b274-487ff396967e,a0S3t00000AnVlS,SBQQ.InstallProcessorBatchLocalizationIndex,224.9
61f6430d-e573-4ecd-be46-be269fec66dc,a0S3t00000AnVl1,createAmendSubscriptionsCustomQleAction,224.9
69a35b26-567c-4f3a-8af0-a3095b75df4d,a0S3t00000AnVkz,createViewConsumptionScheduleLineAction,224.9
72db4f8c-9682-4724-993a-cb1cb847edda,a0S3t00000AnVl4,enableFlagToPreventBackdatedAmendments,224.9
7313013f-1d91-459d-b105-219b0fec9a05,a0S3t00000AnVl2,viewPricingGuidanceLineAction,224.9
8aea3850-ef25-4cea-9371-497d80fc2e88,a0S3t00000AnVmc,SBQQ.RootIdSetterParentSubscriptions,224.9
9078a66a-eed7-4ae0-a7c1-dfd26d24e171,a0S3t00000AnVmQ,SBQQ.CustomActionRefFieldGenerator,224.9
95d75a05-c96e-460a-854c-d070b8133e44,a0S3t00000AnVmV,SBQQ.InstallProcessorBatchHasCS,224.9
99920bff-e0bc-468d-8eb0-378345af4553,a0S3t00000AnVlD,SBQQ.InstallProcessorBatchQuantityEditable,224.9
b1cbc5f1-dc28-410c-bf51-38a9aea8a831,a0S3t00000AnVmL,SBQQ.BatchableDSExclusionGenerator,224.9
b3b9bdb8-ff3e-44e3-95bb-243f00717608,a0S3t00000AnVmb,SBQQ.BatchableConfigAttrReferencedFieldUtil,224.9
b5454d03-e030-428f-898d-a662474a6375,a0S3t00000AnVma,SBQQ.ProductRefFieldGenerator,224.9
b6ac08ff-3d34-424e-be08-a2a93e3317b1,a0S3t00000AnVlm,SBQQ.SummaryVarRefFieldGenerator,224.9
ce2ec2fd-76ef-480e-a135-dc7959deb80d,a0S3t00000AnVl8,SBQQ.BatchablePluginTranspileUtil,224.9
d126504f-77ea-49df-9593-953d5bb7209d,a0S3t00000AnVmB,SBQQ.InstallProcessorBatchQLIPriceBookEntry,224.9
d2875b2f-7c55-47ac-af9f-b07fad259e49,a0S3t00000AnVl3,createConfiguratorEditRulesAction,224.9
d2ddb807-6661-47dc-97fe-b79689ae25b1,a0S3t00000AnVlc,SBQQ.InstallProcessorBatchThemeGenerator,224.9
d4c616b3-9c40-4ebf-9f52-88d4e2c9e85c,a0S3t00000AnVlX,SBQQ.ReferencedFieldRemover,224.9
e3b17b29-abe3-4339-ad98-7bd9172625c2,a0S3t00000AnVlw,SBQQ.InstallProcessorBatchAssetCombineKey,224.9
ea496072-5484-4e77-8a3f-e06e7c66d52f,a0S3t00000AnVmp,SBQQ.RootIdSetterChildAssets,224.9
ed50c60e-d13a-49be-bfc2-1d2f554b9a84,a0S3t00000AnVlh,SBQQ.DiscountScheduleRefFieldGenerator,224.9
f90af3a6-b1d9-4d8f-b729-7d2bc48fbe4d,a0S3t00000AnVky,createCustomActionsOnQLE,224.9
